Median,Mean
177.0,158.8493948901838
177.0,158.49233716475095
176.0,158.1901312811227
