Median,Mean
171.0,157.14512056044313
172.0,158.47064711770594
172.0,157.5068458781362
