Median,Mean
177.0,157.752400240024
177.0,157.66053921568627
176.0,157.37690457097034
