Filename,Lines,Mean,Median
IMG_20200213_110933_M025.jpg,1,147.28391304347826,179.0
IMG_20200213_110933_M025.jpg,2,147.22541666666666,179.0
IMG_20200213_110933_M025.jpg,3,146.80190771960957,178.0
IMG_20200213_110950_M030.jpg,1,147.9701575020724,178.0
IMG_20200213_110950_M030.jpg,2,146.5816570881226,178.0
IMG_20200213_110938_M025.jpg,1,152.63685770750988,187.0
IMG_20200213_110938_M025.jpg,2,156.589375,187.0
IMG_20200213_110938_M025.jpg,3,152.1975,187.0
