Median,Mean
177.0,158.8190646944569
177.0,158.293883161512
176.0,157.99740655987796
