Median,Mean
177.0,158.64592703648177
176.0,158.32295271049597
176.0,158.17909992372236
